ID,착과량(int)
TEST_0000,174.5010910108869
TEST_0001,542.5753636519904
TEST_0002,179.20845827789512
TEST_0003,277.6476909366004
TEST_0004,536.3549249757131
TEST_0005,235.06558231437046
TEST_0006,528.2342374207118
TEST_0007,149.8884323431387
TEST_0008,536.0890756185105
TEST_0009,206.49136692923133
TEST_0010,550.9709877782952
TEST_0011,561.1398787817883
TEST_0012,545.1387614228205
TEST_0013,561.2675333949496
TEST_0014,137.043651409343
TEST_0015,309.60129373122487
TEST_0016,563.970925576027
TEST_0017,263.8156027090321
TEST_0018,207.5985463756766
TEST_0019,507.8619763688305
TEST_0020,121.32100530293322
TEST_0021,555.1982089187742
TEST_0022,549.5717891418847
TEST_0023,499.6751076849651
TEST_0024,269.18474578333183
TEST_0025,543.7864928988629
TEST_0026,484.4188616632783
TEST_0027,538.3263272316728
TEST_0028,550.6290653936525
TEST_0029,566.583053821295
TEST_0030,112.91080128971788
TEST_0031,558.1043364545029
TEST_0032,541.5622973490429
TEST_0033,481.64674514526547
TEST_0034,506.8759249508801
TEST_0035,481.23888337517934
TEST_0036,541.7775395838396
TEST_0037,519.9670028829048
TEST_0038,160.7465235772852
TEST_0039,524.3910758126227
TEST_0040,519.3732456242998
TEST_0041,308.60560074879874
TEST_0042,536.1210287502736
TEST_0043,159.6884487530338
TEST_0044,513.4196730448772
TEST_0045,302.26865734120946
TEST_0046,485.71424602919626
TEST_0047,590.5969458044138
TEST_0048,276.03810522584445
TEST_0049,481.1288247134989
TEST_0050,304.62128861573547
TEST_0051,569.4159855186256
TEST_0052,511.0165509064418
TEST_0053,163.96479023858072
TEST_0054,501.83945305392604
TEST_0055,191.9958923499523
TEST_0056,530.4282955298082
TEST_0057,560.1059208882907
TEST_0058,496.4816223260855
TEST_0059,554.5637408318081
TEST_0060,284.97210564391423
TEST_0061,209.0779435281012
TEST_0062,494.1313271437492
TEST_0063,554.253953581072
TEST_0064,255.81028495931167
TEST_0065,182.00689363961416
TEST_0066,529.1118525154053
TEST_0067,532.1595451051206
TEST_0068,110.25424963402843
TEST_0069,525.327129487274
TEST_0070,512.9115659376941
TEST_0071,518.5145668271842
TEST_0072,543.755610009792
TEST_0073,260.2402327133262
TEST_0074,228.08938696865405
TEST_0075,203.22728149697645
TEST_0076,261.7157133172736
TEST_0077,520.982547823792
TEST_0078,588.8304881411817
TEST_0079,586.5958817103026
TEST_0080,564.3248313463167
TEST_0081,103.12253777134148
TEST_0082,212.827317120126
TEST_0083,544.4791381472479
TEST_0084,524.2860678712317
TEST_0085,586.6043927273637
TEST_0086,274.58825593342164
TEST_0087,135.10991012556926
TEST_0088,182.59686073496803
TEST_0089,152.4233046861902
TEST_0090,267.04535770631776
TEST_0091,505.3794283458243
TEST_0092,525.7376341034907
TEST_0093,523.203782907872
TEST_0094,535.112780367789
TEST_0095,539.8867465871365
TEST_0096,260.1865405279663
TEST_0097,217.67316154639843
TEST_0098,220.6574445657715
TEST_0099,578.4576787648967
TEST_0100,548.3057037329576
TEST_0101,548.1709433448256
TEST_0102,275.69261386542166
TEST_0103,522.9831775317892
TEST_0104,177.33543997170912
TEST_0105,562.9264746003643
TEST_0106,275.31969688020314
TEST_0107,226.97568848424643
TEST_0108,545.3791674897814
TEST_0109,178.44512630724984
TEST_0110,524.651154001907
TEST_0111,225.96772124637695
TEST_0112,529.0175144333245
TEST_0113,218.2675580503126
TEST_0114,572.3288809350552
TEST_0115,186.54200874469902
TEST_0116,525.8612305797087
TEST_0117,570.0664139217898
TEST_0118,519.1970296451168
TEST_0119,511.3007162882107
TEST_0120,225.12921764419025
TEST_0121,493.7458998025714
TEST_0122,309.70679660890806
TEST_0123,521.7424319248103
TEST_0124,531.7580257989332
TEST_0125,538.7758140166362
TEST_0126,193.7666089232138
TEST_0127,531.1157811565814
TEST_0128,569.1374903199767
TEST_0129,545.2803211931573
TEST_0130,200.65459163733703
TEST_0131,184.2003131507131
TEST_0132,547.850464895407
TEST_0133,549.3464780429545
TEST_0134,104.0422055153236
TEST_0135,211.39640065186614
TEST_0136,503.08230970290924
TEST_0137,216.51741979948235
TEST_0138,215.33318655617606
TEST_0139,262.9245665663524
TEST_0140,549.5570201452339
TEST_0141,544.9565777318683
TEST_0142,141.99557864481116
TEST_0143,562.42449978661
TEST_0144,270.70788242038395
TEST_0145,583.8704811254589
TEST_0146,205.04209410186897
TEST_0147,227.71574421339864
TEST_0148,169.95801598780028
TEST_0149,175.10170714498125
TEST_0150,507.2960157851924
TEST_0151,560.1020158531792
TEST_0152,574.1217336782898
TEST_0153,229.45430254300518
TEST_0154,500.37961369280606
TEST_0155,526.705892508403
TEST_0156,257.6797165399949
TEST_0157,218.72851646171006
TEST_0158,177.7449571688305
TEST_0159,172.65059810324493
TEST_0160,541.0851254866071
TEST_0161,564.2151727298269
TEST_0162,95.48386220890893
TEST_0163,215.47788632408756
TEST_0164,585.6115890865422
TEST_0165,467.8781268014489
TEST_0166,536.5803865703668
TEST_0167,535.4069043284868
TEST_0168,523.7860926521453
TEST_0169,558.2590861000573
TEST_0170,544.040115293625
TEST_0171,523.5227008184182
TEST_0172,522.0036461176576
TEST_0173,253.3132848692442
TEST_0174,244.21176217552502
TEST_0175,243.47727685378345
TEST_0176,531.2575923799625
TEST_0177,537.0618396873951
TEST_0178,316.3252886816903
TEST_0179,507.28013992328846
TEST_0180,533.7141475645575
TEST_0181,551.0546710756624
TEST_0182,539.6622114162618
TEST_0183,239.4192657668999
TEST_0184,568.5562665085596
TEST_0185,562.1114311274478
TEST_0186,146.02861891262154
TEST_0187,526.5593126921448
TEST_0188,513.0024632408753
TEST_0189,179.69624419511504
TEST_0190,540.7590474308616
TEST_0191,297.18667167046306
TEST_0192,134.25604211727733
TEST_0193,502.92182532355935
TEST_0194,548.7883303669711
TEST_0195,556.0455023779499
TEST_0196,559.5997371298604
TEST_0197,179.24222105731272
TEST_0198,206.90287460781317
TEST_0199,151.85647943990807
TEST_0200,212.6131635266468
TEST_0201,481.85593910665835
TEST_0202,142.79050678102385
TEST_0203,162.31538024182012
TEST_0204,498.82372853828906
TEST_0205,531.5595075107337
TEST_0206,261.1500164919534
TEST_0207,204.38675526289117
TEST_0208,527.0124528957556
TEST_0209,550.7605553209746
TEST_0210,538.7554918594823
TEST_0211,558.4034707526398
TEST_0212,92.40787181228416
TEST_0213,476.39399300785317
TEST_0214,320.80440629808095
TEST_0215,178.74564157297084
TEST_0216,554.2373826568818
TEST_0217,165.0879613241482
TEST_0218,547.0098446108898
TEST_0219,270.30020167486094
TEST_0220,334.34662955423073
TEST_0221,283.56735929685186
TEST_0222,545.5183772551947
TEST_0223,491.26415356990873
TEST_0224,542.7763369049416
TEST_0225,514.5861440521271
TEST_0226,555.0341621147344
TEST_0227,559.3091428172393
TEST_0228,482.8813130605499
TEST_0229,511.73323669761834
TEST_0230,259.32700954799765
TEST_0231,588.4306831464012
TEST_0232,185.06397181177385
TEST_0233,208.6707393254654
TEST_0234,509.7981815889826
TEST_0235,568.6105099526139
TEST_0236,487.957044310176
TEST_0237,552.7045664732665
TEST_0238,139.46625655684196
TEST_0239,557.1550282453824
TEST_0240,549.7151248983312
TEST_0241,549.4762786228291
TEST_0242,298.95618074467416
TEST_0243,137.76502741848682
TEST_0244,494.24599291519274
TEST_0245,533.8076520254523
TEST_0246,545.3623203429228
TEST_0247,303.04728788040353
TEST_0248,556.1834108583142
TEST_0249,524.7522002634372
TEST_0250,184.7783046882417
TEST_0251,208.25415866168748
TEST_0252,541.411632687195
TEST_0253,256.237855423606
TEST_0254,184.3720834394798
TEST_0255,202.90761150812241
TEST_0256,287.9480327710157
TEST_0257,493.44240451497393
TEST_0258,558.9899967285426
TEST_0259,234.2083992696871
TEST_0260,523.9136379871161
TEST_0261,147.5557405918914
TEST_0262,281.6479154730112
TEST_0263,549.3986610444704
TEST_0264,140.161311184148
TEST_0265,506.4821212469173
TEST_0266,253.61761789376706
TEST_0267,503.63651504859473
TEST_0268,541.4575055245418
TEST_0269,503.2678500506273
TEST_0270,269.6212077700316
TEST_0271,496.2512629173039
TEST_0272,529.4784325166171
TEST_0273,529.2235956174464
TEST_0274,253.28380802165677
TEST_0275,183.99811000094576
TEST_0276,528.9421897900072
TEST_0277,259.3266617539621
TEST_0278,182.72528722899787
TEST_0279,143.0778167549357
TEST_0280,539.0736052772442
TEST_0281,557.9287217361938
TEST_0282,159.16551276313345
TEST_0283,109.47000119485234
TEST_0284,566.0624285411253
TEST_0285,498.6427640554344
TEST_0286,198.69198996502325
TEST_0287,506.5000042417334
TEST_0288,548.2707020214331
TEST_0289,181.03196117650637
TEST_0290,469.43851104985185
TEST_0291,188.66457679328047
TEST_0292,500.1279000066135
TEST_0293,564.0313548660973
TEST_0294,182.62933432924348
TEST_0295,492.5269500302101
TEST_0296,554.6908818825272
TEST_0297,521.4452365630433
TEST_0298,225.2097174066973
TEST_0299,310.87995782620885
TEST_0300,150.2657025413567
TEST_0301,259.32700954799765
TEST_0302,300.1999862670317
TEST_0303,539.1016689555839
TEST_0304,560.4738159667527
TEST_0305,509.0128221520322
TEST_0306,287.5778682662694
TEST_0307,509.9729342957402
TEST_0308,513.2425439856632
TEST_0309,581.6603414380862
TEST_0310,206.33602557861715
TEST_0311,513.4287478093438
TEST_0312,577.0542064730963
TEST_0313,486.76130149307875
TEST_0314,486.41889868795425
TEST_0315,160.49512471007486
TEST_0316,122.27680409459528
TEST_0317,182.62024833352945
TEST_0318,491.6814028968347
TEST_0319,527.0904063935905
TEST_0320,275.70321630566707
TEST_0321,558.293655478588
TEST_0322,550.3163026335802
TEST_0323,516.1258035105496
TEST_0324,561.346770116838
TEST_0325,531.6038390821715
TEST_0326,171.66031324908494
TEST_0327,541.3173558718216
TEST_0328,510.4405544596567
TEST_0329,522.312258115374
TEST_0330,536.7716692317831
TEST_0331,246.6075400207588
TEST_0332,203.92122182963905
TEST_0333,257.5405528482104
TEST_0334,260.08722099624924
TEST_0335,281.91424236004536
TEST_0336,150.9963796124419
TEST_0337,516.6733810431717
TEST_0338,542.686811759731
TEST_0339,127.97408999233222
TEST_0340,533.2108720314171
TEST_0341,123.8771227285923
TEST_0342,225.3813108538926
TEST_0343,316.4436850211674
TEST_0344,560.2453905813387
TEST_0345,270.701411071433
TEST_0346,173.58771071433645
TEST_0347,176.55265620467
TEST_0348,242.41837988203002
TEST_0349,516.9205860386779
TEST_0350,563.4606336929392
TEST_0351,555.7049288933121
TEST_0352,508.06285084785264
TEST_0353,572.6464211202795
TEST_0354,157.2008299853456
TEST_0355,522.5080813359258
TEST_0356,171.58051875845482
TEST_0357,551.6749272081754
TEST_0358,137.5567493718517
TEST_0359,561.3498876819308
TEST_0360,177.3917438706045
TEST_0361,291.08619638771586
TEST_0362,562.132977190499
TEST_0363,284.1720494540271
TEST_0364,249.68308881563135
TEST_0365,530.6081864603617
TEST_0366,199.96349128920735
TEST_0367,548.8791360245809
TEST_0368,159.28099734308833
TEST_0369,173.96933359189356
TEST_0370,331.40047161683736
TEST_0371,243.3668119443372
TEST_0372,212.69776695903724
TEST_0373,558.6076275926105
TEST_0374,151.05939156976953
TEST_0375,569.112867381212
TEST_0376,218.55642663210233
TEST_0377,127.96112790376928
TEST_0378,272.0474337861805
TEST_0379,539.7802815754535
TEST_0380,565.3649192925964
TEST_0381,564.5396207114229
TEST_0382,444.32465319646815
TEST_0383,506.9152258837158
TEST_0384,167.888489589165
TEST_0385,251.96349383023144
TEST_0386,536.4677466895238
TEST_0387,542.2528611812701
TEST_0388,559.9387567373384
TEST_0389,289.457203825507
TEST_0390,155.8913982798109
TEST_0391,183.00668605421242
TEST_0392,571.324713628455
TEST_0393,318.4952804309923
TEST_0394,276.6171538951487
TEST_0395,310.18668534021873
TEST_0396,478.5690876802078
TEST_0397,226.18699968133583
TEST_0398,550.6810249299408
TEST_0399,526.8111106019595
TEST_0400,539.8488107763852
TEST_0401,527.5667209664426
TEST_0402,549.5225790414086
TEST_0403,556.4375926364315
TEST_0404,525.7507170169586
TEST_0405,209.88184840996902
TEST_0406,207.7583326023188
TEST_0407,195.86822586808978
TEST_0408,514.0510263925894
TEST_0409,571.1150280587781
TEST_0410,109.07687447937649
TEST_0411,230.81440869839082
TEST_0412,543.783714720778
TEST_0413,536.7752442610824
TEST_0414,302.36390876928647
TEST_0415,226.96001735805854
TEST_0416,184.1176118837251
TEST_0417,272.2910080199697
TEST_0418,536.8017821445978
TEST_0419,515.0467834860938
TEST_0420,312.8375031120969
TEST_0421,564.4466360191506
TEST_0422,550.8785993295894
TEST_0423,212.28289724390362
TEST_0424,264.4312240555401
TEST_0425,129.95581694921182
TEST_0426,242.6504703162402
TEST_0427,551.4534755950044
TEST_0428,549.2269292299087
TEST_0429,204.96481462376727
TEST_0430,548.5957263404642
TEST_0431,506.8127948935038
TEST_0432,541.0741606136542
TEST_0433,178.48025790264555
TEST_0434,547.4803869573601
TEST_0435,221.81202063572064
TEST_0436,535.4463977631283
TEST_0437,209.74444053132447
TEST_0438,123.26509545272988
TEST_0439,293.9810179969141
TEST_0440,185.64321544107545
TEST_0441,491.126726079568
TEST_0442,560.9231278799635
TEST_0443,211.80045090532795
TEST_0444,267.2686207986879
TEST_0445,291.24953655353113
TEST_0446,187.28977382410076
TEST_0447,79.23747315317578
TEST_0448,545.3757605992629
TEST_0449,220.86099335390222
TEST_0450,256.1134997598066
TEST_0451,498.20076501088346
TEST_0452,581.804042207548
TEST_0453,217.5831797001529
TEST_0454,307.89464521442966
TEST_0455,579.6814962166902
TEST_0456,298.6961909807774
TEST_0457,568.5668525375689
TEST_0458,500.53025587607436
TEST_0459,278.5724351355282
TEST_0460,212.05726201893452
TEST_0461,244.07134048729344
TEST_0462,200.81095319996032
TEST_0463,327.1765402832274
TEST_0464,565.693504975976
TEST_0465,317.13488468356496
TEST_0466,583.6902803124252
TEST_0467,554.6807075679995
TEST_0468,495.2723958578152
TEST_0469,529.9593821213693
TEST_0470,257.8553390375996
TEST_0471,297.9967143843474
TEST_0472,214.658279224375
TEST_0473,316.17210984446996
TEST_0474,155.18708845762202
TEST_0475,532.2655800072307
TEST_0476,535.2465159086271
TEST_0477,233.1103959029916
TEST_0478,167.42030286408487
TEST_0479,508.73875046694184
TEST_0480,201.64357396003825
TEST_0481,227.27637911702317
TEST_0482,556.0300885375204
TEST_0483,278.2186585937069
TEST_0484,484.4705858731402
TEST_0485,193.72541287812774
TEST_0486,290.63772429767556
TEST_0487,561.7237458955732
TEST_0488,162.6219769067164
TEST_0489,546.2720685027615
TEST_0490,194.2593258508331
TEST_0491,538.5649818565815
TEST_0492,216.79693949430015
TEST_0493,228.2925689557801
TEST_0494,519.4391178802408
TEST_0495,536.8473497582792
TEST_0496,561.2145239498371
TEST_0497,259.83009740295245
TEST_0498,564.2724808661825
TEST_0499,274.92344492224953
TEST_0500,523.6508949985897
TEST_0501,534.3754945738259
TEST_0502,325.1211373070458
TEST_0503,544.9555938046991
TEST_0504,527.5832668219608
TEST_0505,253.75076331605112
TEST_0506,205.7183676926256
TEST_0507,522.950424359015
TEST_0508,521.2668379338076
TEST_0509,258.0018437003344
TEST_0510,348.482897702944
TEST_0511,212.13684063244318
TEST_0512,572.5872304161002
TEST_0513,566.4511476909859
TEST_0514,541.3644697233907
TEST_0515,234.15445493981377
TEST_0516,544.2135333104854
TEST_0517,514.2607126937546
TEST_0518,134.48816034462936
TEST_0519,232.74642970504297
TEST_0520,541.6246162851282
TEST_0521,517.819161389779
TEST_0522,587.8015226973216
TEST_0523,274.2567631753448
TEST_0524,554.3051239037545
TEST_0525,538.9148185147717
TEST_0526,544.8468530359185
TEST_0527,481.92884386827546
TEST_0528,569.5376922031757
TEST_0529,125.04934322482075
TEST_0530,163.44107841031303
TEST_0531,577.4095794512494
TEST_0532,560.7508298574136
TEST_0533,153.3201119147398
TEST_0534,305.9622792812818
TEST_0535,513.8544678585077
TEST_0536,557.7313654055487
TEST_0537,516.5076614607057
TEST_0538,508.60427731636133
TEST_0539,566.3677950820796
TEST_0540,581.9636600322384
TEST_0541,468.77198316482526
TEST_0542,303.39530855853167
TEST_0543,559.4399653214357
TEST_0544,553.2356558684374
TEST_0545,529.6429460940274
TEST_0546,159.0630294909965
TEST_0547,241.3027153951411
TEST_0548,548.7495338362394
TEST_0549,251.02722877834168
TEST_0550,561.156869668292
TEST_0551,485.9552560381042
TEST_0552,509.4524264740257
TEST_0553,576.6372700687172
TEST_0554,261.93561012014425
TEST_0555,285.29812494460145
TEST_0556,502.63904455526574
TEST_0557,326.16534203637644
TEST_0558,520.8785586220367
TEST_0559,245.68240420844654
TEST_0560,229.43686232663484
TEST_0561,162.29891214057872
TEST_0562,176.69533410115224
TEST_0563,301.9972335398763
TEST_0564,519.3255413830093
TEST_0565,538.8073181923413
TEST_0566,249.385151444449
TEST_0567,533.5164691588576
TEST_0568,515.9350592384698
TEST_0569,89.20802316012721
TEST_0570,303.34746603600087
TEST_0571,195.8335102918819
TEST_0572,124.61572309175145
TEST_0573,264.1281796233113
TEST_0574,551.7292763104073
TEST_0575,504.4521802757304
TEST_0576,232.43533103746256
TEST_0577,287.8001480479491
TEST_0578,479.6765858537464
TEST_0579,516.1541315972264
TEST_0580,312.17706404534266
TEST_0581,501.92758766063895
TEST_0582,495.5512235967882
TEST_0583,240.87252677854377
TEST_0584,252.45071345223909
TEST_0585,234.28268567586983
TEST_0586,273.7100264746306
TEST_0587,148.13985992601422
TEST_0588,486.7429435811741
TEST_0589,544.22755558178
TEST_0590,277.44236243809576
TEST_0591,372.83210319702664
TEST_0592,558.0120690404234
TEST_0593,589.6164476484905
TEST_0594,553.7992217410273
TEST_0595,557.7560676656257
TEST_0596,203.77280801682863
TEST_0597,159.5279251265002
TEST_0598,221.67962128998235
TEST_0599,207.3028343507933
TEST_0600,526.7760266556014
TEST_0601,557.2489205926266
TEST_0602,321.67726622282834
TEST_0603,533.97608302652
TEST_0604,515.9779861261784
TEST_0605,270.16093470772665
TEST_0606,223.55697508107764
TEST_0607,274.5150786723602
TEST_0608,312.0032619859876
TEST_0609,570.3948249970744
TEST_0610,535.0432421963565
TEST_0611,560.7997766612589
TEST_0612,276.0156878124016
TEST_0613,545.3194065493282
TEST_0614,522.5326456449515
TEST_0615,137.27637467433556
TEST_0616,574.1908177720607
TEST_0617,528.9588137681745
TEST_0618,537.5486628484845
TEST_0619,218.45183379963956
TEST_0620,536.1229486925946
TEST_0621,280.6548136333414
TEST_0622,527.1634967683403
TEST_0623,194.66397488236325
TEST_0624,125.13319398711998
TEST_0625,586.0488814209043
TEST_0626,209.01010006546372
TEST_0627,260.9343260986631
TEST_0628,316.95875541912363
TEST_0629,553.8817766726409
TEST_0630,572.5068613786399
TEST_0631,534.3875524270389
TEST_0632,540.4587450959424
TEST_0633,273.48804507364605
TEST_0634,230.63827405293978
TEST_0635,514.5505732661887
TEST_0636,267.28331242462133
TEST_0637,544.3819019468339
TEST_0638,314.8140019117385
TEST_0639,544.9012725809733
TEST_0640,205.46331321453505
TEST_0641,262.0584331341099
TEST_0642,238.03696428911945
TEST_0643,523.1915186156532
TEST_0644,546.7056626266385
TEST_0645,187.01962867223895
TEST_0646,123.4880493931766
TEST_0647,196.03480873151406
TEST_0648,565.0104151178006
TEST_0649,558.0657722421572
TEST_0650,559.6058036211193
TEST_0651,521.8991508472575
TEST_0652,536.7081937345894
TEST_0653,240.21115295244448
TEST_0654,140.483501572077
TEST_0655,152.06860173787683
TEST_0656,211.33053947052625
TEST_0657,490.73371331906293
TEST_0658,220.75473722026067
TEST_0659,541.8602636318568
TEST_0660,581.1066777661753
TEST_0661,555.2657337781992
TEST_0662,256.4093309935178
TEST_0663,169.28787058447284
TEST_0664,551.8933840523102
TEST_0665,225.90136873324766
TEST_0666,529.4474578489809
TEST_0667,548.1998715139821
TEST_0668,549.979650390122
TEST_0669,199.68793434575514
TEST_0670,566.3445349986763
TEST_0671,131.96670001233613
TEST_0672,187.0492461683684
TEST_0673,550.8149614028414
TEST_0674,90.29091154830074
TEST_0675,363.90701894338343
TEST_0676,546.4065823985084
TEST_0677,563.1147038075705
TEST_0678,525.9691289172828
TEST_0679,507.7042608112248
TEST_0680,323.37129657112416
TEST_0681,573.8761325738215
TEST_0682,596.8220164170808
TEST_0683,217.55518360249
TEST_0684,502.3188855453536
TEST_0685,562.1215709314347
TEST_0686,577.1578416703911
TEST_0687,253.6649417513416
TEST_0688,294.01528933131965
TEST_0689,287.73513017688197
TEST_0690,568.3968980826733
TEST_0691,281.21194078472655
TEST_0692,254.54064352745354
TEST_0693,588.5937364192403
TEST_0694,251.6315724384939
TEST_0695,499.4958614549813
TEST_0696,211.8499811889208
TEST_0697,519.8343585491683
TEST_0698,234.50186415590923
TEST_0699,551.6103452619842
TEST_0700,526.9876941233772
TEST_0701,128.23371130338398
TEST_0702,142.73852633036987
TEST_0703,228.08535615485292
TEST_0704,523.7578859917836
TEST_0705,284.30945266523094
TEST_0706,512.1656081679711
TEST_0707,565.728539955808
TEST_0708,559.3640456520986
TEST_0709,532.8725877146625
TEST_0710,246.62303373469456
TEST_0711,552.7077655630495
TEST_0712,181.92728562269303
TEST_0713,493.3540793821852
TEST_0714,252.5147601994751
TEST_0715,123.36436315876823
TEST_0716,532.8574193350398
TEST_0717,570.1907223936156
TEST_0718,90.45411033667087
TEST_0719,335.6377008214267
TEST_0720,502.0378615360287
TEST_0721,244.39386050774192
TEST_0722,557.474953007458
TEST_0723,298.81285744558267
TEST_0724,202.74684823413654
TEST_0725,262.1752055575302
TEST_0726,539.3770178389144
TEST_0727,549.1079065462926
TEST_0728,518.0826231976604
TEST_0729,245.46207272723098
TEST_0730,551.9441963923379
TEST_0731,118.82839670854219
TEST_0732,514.4286331308497
TEST_0733,140.91921902629602
TEST_0734,501.77802722965515
TEST_0735,220.4430423074922
TEST_0736,521.6652219612255
TEST_0737,545.8454373731129
TEST_0738,110.33323205811531
TEST_0739,536.9852591732644
TEST_0740,324.7174160877834
TEST_0741,139.75626551846892
TEST_0742,166.47700010085697
TEST_0743,154.78498484806937
TEST_0744,556.2570004000477
TEST_0745,498.79394455462347
TEST_0746,175.6589439557473
TEST_0747,497.86619743954935
TEST_0748,548.1573704323935
TEST_0749,550.0469349857976
TEST_0750,194.38533540376224
TEST_0751,547.8711945075024
TEST_0752,541.1721538543514
TEST_0753,533.9223997624993
TEST_0754,517.645649165188
TEST_0755,190.73982522812986
TEST_0756,136.57467928660438
TEST_0757,168.7809783977792
TEST_0758,539.9166733548101
TEST_0759,233.39189080585817
TEST_0760,152.60187601147874
TEST_0761,331.693654306425
TEST_0762,555.2171266886405
TEST_0763,516.1896960492115
TEST_0764,551.271420250354
TEST_0765,467.09155412493527
TEST_0766,561.3915241251857
TEST_0767,522.3184951644056
TEST_0768,531.4444718253018
TEST_0769,562.7107817475732
TEST_0770,116.90233840903551
TEST_0771,537.9072725136607
TEST_0772,184.3022077034153
TEST_0773,506.21591594884336
TEST_0774,212.02875847103775
TEST_0775,165.39813398178455
TEST_0776,189.3635007961013
TEST_0777,510.4168768024437
TEST_0778,113.0090462048479
TEST_0779,276.53557064127267
TEST_0780,537.1771456623931
TEST_0781,188.1836487784906
TEST_0782,565.0408442005686
TEST_0783,403.5302507712074
TEST_0784,216.2901707989073
TEST_0785,167.64283955433606
TEST_0786,130.37228264262143
TEST_0787,132.10707987803954
TEST_0788,260.24175529093736
TEST_0789,154.11438063958403
TEST_0790,339.30673115533347
TEST_0791,537.5398185399504
TEST_0792,138.29286407825452
TEST_0793,565.439288967126
TEST_0794,478.8351819430028
TEST_0795,127.5667414544952
TEST_0796,194.5072697128115
TEST_0797,511.1191229944839
TEST_0798,221.76546081972623
TEST_0799,548.4965195443154
TEST_0800,180.8964603632697
TEST_0801,166.1829279949432
TEST_0802,509.3248645634016
TEST_0803,249.40335958617166
TEST_0804,215.15816657993545
TEST_0805,580.217286438581
TEST_0806,549.3976640838442
TEST_0807,556.9398524865808
TEST_0808,501.11132973344394
TEST_0809,521.1679524390577
TEST_0810,161.30557132351794
TEST_0811,556.8636630731512
TEST_0812,549.0703425544506
TEST_0813,558.8698122778616
TEST_0814,545.8535378101416
TEST_0815,525.8857922499141
TEST_0816,254.39338082911166
TEST_0817,204.73191144731624
TEST_0818,230.67099903193133
TEST_0819,561.8329940774355
TEST_0820,560.2358855247006
TEST_0821,458.08256457087185
TEST_0822,572.8498304734892
TEST_0823,130.8969310780323
TEST_0824,554.4647771182005
TEST_0825,555.4680769960935
TEST_0826,549.4616285529329
TEST_0827,166.10170033742884
TEST_0828,554.746881323482
TEST_0829,479.5401755514122
TEST_0830,202.47747382623692
TEST_0831,509.2242003464945
TEST_0832,546.5774135408391
TEST_0833,183.34676725420488
TEST_0834,543.6208651411038
TEST_0835,533.1404834107772
TEST_0836,230.62285675350475
TEST_0837,569.5926344546815
TEST_0838,555.5094342450569
TEST_0839,581.3268243190927
TEST_0840,556.1101189429937
TEST_0841,502.15739776702463
TEST_0842,575.3650162660233
TEST_0843,253.72882896804182
TEST_0844,542.100315060499
TEST_0845,321.3637248469895
TEST_0846,521.348602323109
TEST_0847,514.0185662817978
TEST_0848,217.69207167680648
TEST_0849,226.6790136127222
TEST_0850,195.79767301910377
TEST_0851,543.9715828401775
TEST_0852,180.11345848606362
TEST_0853,173.60049126556527
TEST_0854,269.6914134150147
TEST_0855,491.48769264901523
TEST_0856,571.0230337373687
TEST_0857,239.59670396183233
TEST_0858,193.73848746025513
TEST_0859,548.0190598313726
TEST_0860,493.1153374120577
TEST_0861,303.9957381603399
TEST_0862,530.9546202105635
TEST_0863,567.7041103198158
TEST_0864,273.0314213635676
TEST_0865,547.8666408421464
TEST_0866,220.55506050409934
TEST_0867,548.7475556716232
TEST_0868,271.641388354157
TEST_0869,568.5581021350185
TEST_0870,545.7538099854264
TEST_0871,534.0710578100648
TEST_0872,553.0734813537711
TEST_0873,509.3103698460625
TEST_0874,121.2746224933739
TEST_0875,322.22978760857825
TEST_0876,511.5751019362808
TEST_0877,541.7295234723883
TEST_0878,550.4617500699601
TEST_0879,188.2867651963399
TEST_0880,570.3757164432694
TEST_0881,125.8653997661001
TEST_0882,196.8785640295746
TEST_0883,520.8921157862745
TEST_0884,469.55927410194766
TEST_0885,540.6569181286665
TEST_0886,519.8162311769934
TEST_0887,156.0848466874398
TEST_0888,552.0128743310819
TEST_0889,550.9449663446434
TEST_0890,209.26040804986505
TEST_0891,183.5382947580271
TEST_0892,536.4525549844733
TEST_0893,525.5883526093116
TEST_0894,544.7847058922875
TEST_0895,524.8172627773516
TEST_0896,565.4532660165429
TEST_0897,528.1304810551577
TEST_0898,567.479384181913
TEST_0899,545.4932762857057
TEST_0900,543.3808729598518
TEST_0901,514.1768649330053
TEST_0902,526.970876921354
TEST_0903,150.32618067351814
TEST_0904,510.7220827595789
TEST_0905,557.683130802066
TEST_0906,275.2479111246031
TEST_0907,170.64250053230919
TEST_0908,561.6365920818178
TEST_0909,295.1779748862075
TEST_0910,558.970955257885
TEST_0911,218.34011277405523
TEST_0912,530.2018401912766
TEST_0913,250.28789057391245
TEST_0914,185.39670766507103
TEST_0915,548.5802041480223
TEST_0916,519.5666231717823
TEST_0917,291.94137613319504
TEST_0918,257.1980899505489
TEST_0919,560.8358706631178
TEST_0920,568.3179252169051
TEST_0921,186.11663549804433
TEST_0922,175.83526485282493
TEST_0923,543.0737164470103
TEST_0924,574.2038102054712
TEST_0925,557.3131514025648
TEST_0926,322.4483034407082
TEST_0927,557.5954516931316
TEST_0928,519.2941431354461
TEST_0929,496.9890309877132
TEST_0930,595.1419945376642
TEST_0931,326.32718052307166
TEST_0932,510.8288102024261
TEST_0933,573.2492127873137
TEST_0934,577.4499520875107
TEST_0935,222.49685312726317
TEST_0936,214.010033168973
TEST_0937,131.7111823973405
TEST_0938,170.33445271576926
TEST_0939,565.3621382472633
TEST_0940,542.740119443986
TEST_0941,283.05770580612426
TEST_0942,195.0878131606761
TEST_0943,520.2600168045984
TEST_0944,210.8194117720193
TEST_0945,541.7580882772112
TEST_0946,137.20972422150038
TEST_0947,549.6744582902105
TEST_0948,184.39604788569082
TEST_0949,539.2429002616227
TEST_0950,300.3501214516696
TEST_0951,593.0719943465589
TEST_0952,184.0533730805959
TEST_0953,548.2855451321001
TEST_0954,528.041393768269
TEST_0955,482.2664636387506
TEST_0956,564.4538470006921
TEST_0957,311.62750450191874
TEST_0958,477.2124594196028
TEST_0959,509.19754373576745
TEST_0960,178.3959609925448
TEST_0961,274.97496739100404
TEST_0962,198.82057215803624
TEST_0963,208.64476484293226
TEST_0964,540.2157265551921
TEST_0965,164.03005382576595
TEST_0966,494.014865736103
TEST_0967,530.4694724298307
TEST_0968,556.3996377596504
TEST_0969,525.0181440357288
TEST_0970,217.58770032491768
TEST_0971,535.953002528676
TEST_0972,507.51560741405495
TEST_0973,553.8250957866194
TEST_0974,536.3111532112064
TEST_0975,510.59020737563435
TEST_0976,452.0278471142069
TEST_0977,230.4920145718828
TEST_0978,129.45214653119527
TEST_0979,518.9289382646466
TEST_0980,168.53754187798194
TEST_0981,132.34837415194258
TEST_0982,186.14540604125537
TEST_0983,549.4980190918186
TEST_0984,129.27776960402886
TEST_0985,505.80451946464854
TEST_0986,569.5689581835263
TEST_0987,179.33552903186404
TEST_0988,149.03989929116537
TEST_0989,517.2264891587762
TEST_0990,545.6220239885988
TEST_0991,552.4611868874124
TEST_0992,314.06125758698647
TEST_0993,509.3923296877214
TEST_0994,299.46046659860065
TEST_0995,566.4880189932436
TEST_0996,143.6879087684808
TEST_0997,515.79624468621
TEST_0998,557.8875725438331
TEST_0999,175.39829202400173
TEST_1000,534.6885012275102
TEST_1001,542.5041265886773
TEST_1002,542.5478355787401
TEST_1003,278.0886483001426
TEST_1004,185.25956351717196
TEST_1005,540.5963086490017
TEST_1006,306.88675470807726
TEST_1007,570.3071730325732
TEST_1008,517.3703183347739
TEST_1009,546.2591895112577
TEST_1010,211.8042543436823
TEST_1011,535.3459749254927
TEST_1012,546.3276608027361
TEST_1013,281.79682584415093
TEST_1014,207.78606637668258
TEST_1015,214.1291669313284
TEST_1016,572.3976354813265
TEST_1017,537.2964675792005
TEST_1018,571.8830975834775
TEST_1019,199.20551364453428
TEST_1020,169.27619376432506
TEST_1021,289.7210316713581
TEST_1022,485.9761553264678
TEST_1023,247.52984406575845
TEST_1024,267.3298661501151
TEST_1025,560.5153057126058
TEST_1026,548.7047667617466
TEST_1027,233.68115476141665
TEST_1028,554.3919669320157
TEST_1029,146.60157161789888
TEST_1030,538.8903758177643
TEST_1031,525.7162511098913
TEST_1032,179.43526861031387
TEST_1033,532.8548389517259
TEST_1034,543.8309388824392
TEST_1035,220.7282640449452
TEST_1036,530.8455674935869
TEST_1037,283.20086465894985
TEST_1038,541.7318772016739
TEST_1039,512.3993138050372
TEST_1040,541.1650823384401
TEST_1041,536.3458802249862
TEST_1042,174.12224517144998
TEST_1043,328.69880340426715
TEST_1044,160.36305044983047
TEST_1045,479.36222497359284
TEST_1046,132.32107287413677
TEST_1047,263.8172115412143
TEST_1048,158.52978929967082
TEST_1049,125.19292101389878
TEST_1050,553.4857317474339
TEST_1051,243.66817034442846
TEST_1052,488.4060930068501
TEST_1053,231.75800214126284
TEST_1054,529.4269938091214
TEST_1055,581.8957310488754
TEST_1056,467.45506461601286
TEST_1057,324.13957008288287
TEST_1058,504.9701787748766
TEST_1059,162.0442928676739
TEST_1060,520.8542374018398
TEST_1061,511.0575711746756
TEST_1062,205.51839631441368
TEST_1063,534.3464592456769
TEST_1064,549.3518205805724
TEST_1065,559.5396382879953
TEST_1066,500.70129512365287
TEST_1067,557.4046956257698
TEST_1068,246.23860485599116
TEST_1069,553.891774976148
TEST_1070,196.6720492547255
TEST_1071,559.3229140208334
TEST_1072,203.89898162160327
TEST_1073,560.3723160290681
TEST_1074,156.33721476172215
TEST_1075,205.46729596162018
TEST_1076,555.347323570758
TEST_1077,166.18351966170047
TEST_1078,543.2757895093491
TEST_1079,212.85850760947233
TEST_1080,522.3438019004835
TEST_1081,580.9059489591637
TEST_1082,150.0508803760164
TEST_1083,566.7081174769144
TEST_1084,549.3668088614527
TEST_1085,541.0227342887322
TEST_1086,547.11430013401
TEST_1087,168.53792682370474
TEST_1088,560.0920373646943
TEST_1089,136.49786827051764
TEST_1090,254.00269750641664
TEST_1091,553.3197604010016
TEST_1092,569.6637714056266
TEST_1093,132.33262150165385
TEST_1094,565.1508889068954
TEST_1095,269.34672768295076
TEST_1096,209.39318801581126
TEST_1097,540.7395068769913
TEST_1098,575.7140049576404
TEST_1099,541.2659070678583
TEST_1100,259.03747257788734
TEST_1101,118.17651030515539
TEST_1102,553.3096551285723
TEST_1103,291.65005229613814
TEST_1104,196.18689196774773
TEST_1105,565.1326341631506
TEST_1106,162.26764517638742
TEST_1107,508.48545801940054
TEST_1108,556.2445707661129
TEST_1109,544.7191759248126
TEST_1110,561.4669762670944
TEST_1111,482.0773110888583
TEST_1112,576.9367094798207
TEST_1113,569.6256196930345
TEST_1114,557.9086992633552
TEST_1115,270.85607582156587
TEST_1116,233.7621844880423
TEST_1117,531.2823255828662
TEST_1118,289.91758331549227
TEST_1119,546.6306594212622
TEST_1120,191.2844455956608
TEST_1121,158.0234898495531
TEST_1122,209.29383897233987
TEST_1123,524.192482088499
TEST_1124,100.56754239614226
TEST_1125,186.94190373367582
TEST_1126,550.9358642285908
TEST_1127,176.60742139776428
TEST_1128,214.63040439152758
TEST_1129,551.788271505483
TEST_1130,567.8637131562725
TEST_1131,515.7641902706666
TEST_1132,328.535534360123
TEST_1133,535.0697091381575
TEST_1134,531.0851519805959
TEST_1135,172.0625419590685
TEST_1136,180.69420523921102
TEST_1137,570.9077921188433
TEST_1138,559.4061801696414
TEST_1139,490.5920157104034
TEST_1140,545.7100342073962
TEST_1141,556.7732383750974
TEST_1142,262.6704603857709
TEST_1143,539.6112579093616
TEST_1144,236.21268184650864
TEST_1145,521.5893468437159
TEST_1146,231.36674968522487
TEST_1147,261.11324440090505
TEST_1148,528.4506886881409
TEST_1149,277.22147442102573
TEST_1150,266.18950375941256
TEST_1151,548.9125272449783
TEST_1152,502.9541309125867
TEST_1153,575.8932725701765
TEST_1154,272.13123454737035
TEST_1155,224.17829696329937
TEST_1156,549.0898871023642
TEST_1157,517.2130061664869
TEST_1158,142.19357245954944
TEST_1159,587.4254240171655
TEST_1160,221.98659711671814
TEST_1161,114.177565750634
TEST_1162,509.95877066944473
TEST_1163,560.3567550772239
TEST_1164,141.46311162499876
TEST_1165,522.0007536138847
TEST_1166,509.08811227780564
TEST_1167,524.9985047386035
TEST_1168,542.372572152942
TEST_1169,215.38846707290787
TEST_1170,566.5793306726074
TEST_1171,549.2620224133598
TEST_1172,482.01408986536904
TEST_1173,301.5893295844501
TEST_1174,531.9049118022481
TEST_1175,521.5940295062425
TEST_1176,171.86329753976187
TEST_1177,235.26916517813652
TEST_1178,158.47910169728073
TEST_1179,291.4099252994145
TEST_1180,131.85349998591985
TEST_1181,563.7957844337659
TEST_1182,532.2850365206906
TEST_1183,502.0795430023417
TEST_1184,511.75333606122206
TEST_1185,190.92388900097168
TEST_1186,174.04249684759287
TEST_1187,133.5015183025066
TEST_1188,559.0235194856327
TEST_1189,545.8641717466978
TEST_1190,209.71788868052022
TEST_1191,216.33030173910055
TEST_1192,552.4583183820457
TEST_1193,557.8677241121454
TEST_1194,175.13646231168278
TEST_1195,251.06181981472454
TEST_1196,487.2267376068913
TEST_1197,242.62567590459798
TEST_1198,552.5741692014027
TEST_1199,547.8592937556132
TEST_1200,290.719578619161
TEST_1201,532.3394888250697
TEST_1202,310.3546719179922
TEST_1203,549.1336929945859
TEST_1204,544.6662706447153
TEST_1205,312.4798180981462
TEST_1206,590.3050262784801
TEST_1207,207.89889216496383
TEST_1208,246.32375056537464
TEST_1209,506.80285135258737
TEST_1210,581.2510314756861
TEST_1211,160.96611863797668
TEST_1212,550.088564706665
TEST_1213,532.6157473903284
TEST_1214,210.3200871371275
TEST_1215,205.59778881801574
TEST_1216,218.48241403208974
TEST_1217,515.7121014631434
TEST_1218,333.2310938899322
TEST_1219,559.6133962176519
TEST_1220,337.96735960031
TEST_1221,188.92228522655628
TEST_1222,547.4893320758473
TEST_1223,513.6419772545711
TEST_1224,530.8157227793689
TEST_1225,272.7795195154555
TEST_1226,124.02904371464506
TEST_1227,591.0556761206658
TEST_1228,180.6095887039532
TEST_1229,192.10678492676007
TEST_1230,581.261037345486
TEST_1231,256.62677143875555
TEST_1232,544.3373495485354
TEST_1233,552.3108656610395
TEST_1234,181.63733578577848
TEST_1235,323.22889950979857
TEST_1236,563.4205917506151
TEST_1237,318.36891098210947
TEST_1238,498.75339469617046
TEST_1239,144.5817975677815
TEST_1240,547.9176399632438
TEST_1241,544.478951122202
TEST_1242,151.96389413761446
TEST_1243,100.64841409220203
TEST_1244,503.40263984202807
TEST_1245,506.07408536607136
TEST_1246,276.26216569913964
TEST_1247,292.2369594012744
TEST_1248,281.4986862183523
TEST_1249,554.4394017103165
TEST_1250,189.8478059248295
TEST_1251,534.8048845788213
TEST_1252,141.47164433740528
TEST_1253,274.4735473061069
TEST_1254,303.40906754756713
TEST_1255,255.675307388582
TEST_1256,202.8925150483298
TEST_1257,546.9059503964586
TEST_1258,192.7042330987923
TEST_1259,558.4748525551129
TEST_1260,135.62698632590988
TEST_1261,488.22010987186763
TEST_1262,211.00899911757344
TEST_1263,559.9329492150426
TEST_1264,501.9253239302582
TEST_1265,220.49256926704277
TEST_1266,202.28076736187128
TEST_1267,490.94779979927085
TEST_1268,592.3217454253332
TEST_1269,246.8068237763134
TEST_1270,536.6623131986959
TEST_1271,226.3381499047794
TEST_1272,296.90406828391497
TEST_1273,480.6689450960537
TEST_1274,527.3931639502102
TEST_1275,448.6483723110049
TEST_1276,556.4570897429006
TEST_1277,228.89814660807554
TEST_1278,550.9803807023346
TEST_1279,533.5208459190254
TEST_1280,554.0388491199241
TEST_1281,290.7967492024666
TEST_1282,167.09307832118972
TEST_1283,536.0021101383462
TEST_1284,518.7254768541038
TEST_1285,139.58631436206457
TEST_1286,473.20258264659924
TEST_1287,217.11699776759846
TEST_1288,578.9340162741789
TEST_1289,536.6223754160889
TEST_1290,290.04245363225493
TEST_1291,471.3509173491578
TEST_1292,503.68974771058544
TEST_1293,532.5171887997209
TEST_1294,318.0830484383032
TEST_1295,546.31444693839
TEST_1296,566.8599449035949
TEST_1297,227.440914662706
TEST_1298,528.9831214683215
TEST_1299,212.05927289600973
TEST_1300,231.51507861546648
TEST_1301,576.4598610148981
TEST_1302,535.8738490765404
TEST_1303,538.3881135987391
TEST_1304,555.1883112850012
TEST_1305,128.16096182486598
TEST_1306,558.2028265732608
TEST_1307,237.47618475787914
TEST_1308,538.0867544596837
TEST_1309,284.60295443493163
TEST_1310,539.5769579716457
TEST_1311,196.93239882177684
TEST_1312,463.3230400964654
TEST_1313,540.2922165622487
TEST_1314,514.6304814510582
TEST_1315,190.3954044205555
TEST_1316,182.213094021879
TEST_1317,582.9363976014325
TEST_1318,119.68226812819606
TEST_1319,206.30504282652947
TEST_1320,531.8210555416447
TEST_1321,261.01501196276564
TEST_1322,556.0879518294681
TEST_1323,178.76509929136185
TEST_1324,243.91440252708946
TEST_1325,285.49811151223514
TEST_1326,192.4914003673621
TEST_1327,505.3783245076181
TEST_1328,215.1839071522626
TEST_1329,236.38965110315394
TEST_1330,273.05173378328703
TEST_1331,267.9133140332852
TEST_1332,530.6965479820888
TEST_1333,324.9763723099524
TEST_1334,191.59039016436964
TEST_1335,556.1766289985815
TEST_1336,476.27308774292237
TEST_1337,547.8524311014504
TEST_1338,543.248203841885
TEST_1339,279.6146616421914
TEST_1340,531.5205431663976
TEST_1341,555.4450044286199
TEST_1342,272.0489304996654
TEST_1343,577.3236563065897
TEST_1344,179.30013193037138
TEST_1345,214.69487022034272
TEST_1346,577.7245862098943
TEST_1347,185.1647572820036
TEST_1348,263.37409326870227
TEST_1349,517.377054518091
TEST_1350,509.91706244022595
TEST_1351,214.63139044983546
TEST_1352,300.66009573715314
TEST_1353,574.3666332906633
TEST_1354,262.71396560181904
TEST_1355,528.0371711965083
TEST_1356,516.5110913417305
TEST_1357,522.3559321180555
TEST_1358,556.7827534487637
TEST_1359,558.0833507009651
TEST_1360,536.6221342660882
TEST_1361,194.37864711507882
TEST_1362,564.8657355749691
TEST_1363,139.79195693054442
TEST_1364,182.24331940101771
TEST_1365,563.6378938346622
TEST_1366,181.03525629818475
TEST_1367,548.0951507722805
TEST_1368,494.8866598566057
TEST_1369,582.5089405633005
TEST_1370,557.8021129334752
TEST_1371,568.0339151585642
TEST_1372,463.1469704617653
TEST_1373,560.5932213327943
TEST_1374,531.7921056923432
TEST_1375,557.8847534549532
TEST_1376,545.8024323920508
TEST_1377,224.5478896544073
TEST_1378,193.53929739460526
TEST_1379,543.7447190936475
TEST_1380,163.80312674414185
TEST_1381,308.536724750415
TEST_1382,223.83223438281843
TEST_1383,229.69431409254582
TEST_1384,121.16036147241127
TEST_1385,567.1535195794206
TEST_1386,500.0841623817113
TEST_1387,540.9712984429706
TEST_1388,309.62713258126126
TEST_1389,530.385173054584
TEST_1390,575.2480509624338
TEST_1391,557.625293554708
TEST_1392,555.2905727171143
TEST_1393,546.6461436521171
TEST_1394,552.2290627545451
TEST_1395,511.6441115236262
TEST_1396,518.8988591812212
TEST_1397,195.40603603353517
TEST_1398,536.8626953639641
TEST_1399,272.8727992233013
TEST_1400,539.8098581657324
TEST_1401,516.8342614484447
TEST_1402,529.3735312781403
TEST_1403,292.08885960582467
TEST_1404,562.6513106290279
TEST_1405,215.24317951397703
TEST_1406,266.6111716486421
TEST_1407,513.4244581886292
TEST_1408,153.99316821575394
TEST_1409,118.50885279266906
TEST_1410,527.0563441336648
TEST_1411,535.7838544107618
TEST_1412,85.35898116712868
TEST_1413,191.35990664483626
TEST_1414,287.3118701432291
TEST_1415,557.1995353851839
TEST_1416,537.87734627113
TEST_1417,527.672602309117
TEST_1418,565.5600641995158
TEST_1419,129.25699723107223
TEST_1420,523.6328090653603
TEST_1421,174.05036058180724
TEST_1422,470.33915451779194
TEST_1423,280.72556221198903
TEST_1424,318.8699925071919
TEST_1425,285.4502811571749
TEST_1426,515.9894017712709
TEST_1427,558.5990745159976
TEST_1428,549.7665359537187
TEST_1429,527.2905891202491
TEST_1430,193.7790145528205
TEST_1431,159.7086793209175
TEST_1432,560.2513581490226
TEST_1433,547.5025289322655
TEST_1434,163.1016101255028
TEST_1435,570.7130087981282
TEST_1436,115.06706799369681
TEST_1437,554.1491688621472
TEST_1438,215.19909926256807
TEST_1439,551.9576933562579
TEST_1440,535.1133659213344
TEST_1441,169.13704033736687
TEST_1442,530.9296838497776
TEST_1443,553.0341344252972
TEST_1444,566.8703805775571
TEST_1445,550.3232734576919
TEST_1446,211.77354347848308
TEST_1447,565.1661340839453
TEST_1448,320.23831911623444
TEST_1449,482.9445714082821
TEST_1450,547.4417323392187
TEST_1451,574.4151192699074
TEST_1452,521.344616421854
TEST_1453,557.617776281737
TEST_1454,542.5216667733871
TEST_1455,192.98524502429441
TEST_1456,554.3871709687077
TEST_1457,141.66380529074604
TEST_1458,566.2707386319255
TEST_1459,538.3827853528973
TEST_1460,267.02737130230645
TEST_1461,157.43545400429596
TEST_1462,255.05631825520612
TEST_1463,549.3874064664502
TEST_1464,579.7739130614492
TEST_1465,540.4535502745696
TEST_1466,180.83841076012183
TEST_1467,561.7707262957102
TEST_1468,559.6259345696071
TEST_1469,541.2273857003127
TEST_1470,167.77111389386502
TEST_1471,475.50202675517806
TEST_1472,560.9425191668896
TEST_1473,311.91928693694814
TEST_1474,231.1424541858931
TEST_1475,571.7833364459493
TEST_1476,562.2915640142545
TEST_1477,151.36323312850794
TEST_1478,199.87510320043054
TEST_1479,347.0313177956561
TEST_1480,586.0831874466782
TEST_1481,269.32362244686084
TEST_1482,489.2331437880765
TEST_1483,547.8258323421203
TEST_1484,545.0112956663403
TEST_1485,260.8171837030168
TEST_1486,180.35507523912466
TEST_1487,575.8797281664828
TEST_1488,117.12297577788331
TEST_1489,532.8391444103181
TEST_1490,514.6911927249803
TEST_1491,562.7256794203565
TEST_1492,519.9797120573159
TEST_1493,173.04153501657396
TEST_1494,555.159051037694
TEST_1495,232.05444407649276
TEST_1496,535.3560413109428
TEST_1497,158.11651588649076
TEST_1498,519.4587260655532
TEST_1499,561.8051707438314
TEST_1500,529.2801455545726
TEST_1501,269.7994938667459
TEST_1502,555.3404568999748
TEST_1503,538.2460111391603
TEST_1504,515.7708950784227
TEST_1505,219.28470717197712
TEST_1506,518.2351430804907
TEST_1507,562.6726533875745
TEST_1508,494.84585769574954
TEST_1509,540.0649078962314
TEST_1510,504.86841709811694
TEST_1511,237.9016759306954
TEST_1512,127.84039556644986
TEST_1513,527.8230525766471
TEST_1514,193.57158109443918
TEST_1515,544.425951530715
TEST_1516,206.92232084348456
TEST_1517,556.1700130984665
TEST_1518,185.66213132528355
TEST_1519,512.1863304182035
TEST_1520,550.8503646643312
TEST_1521,556.5322329165908
TEST_1522,184.1275871687597
TEST_1523,226.1013179486436
TEST_1524,230.61954953307372
TEST_1525,575.8420047138826
TEST_1526,554.8483522194726
TEST_1527,532.5461399099015
TEST_1528,244.40100431290386
TEST_1529,561.108009845647
TEST_1530,558.8454018869055
TEST_1531,274.9570990285772
TEST_1532,549.6062551756341
TEST_1533,184.26578277558914
TEST_1534,485.0016561526258
TEST_1535,213.88424095268442
TEST_1536,543.2167069179203
TEST_1537,526.3180754710024
TEST_1538,584.9130426514433
TEST_1539,533.2886091013838
TEST_1540,187.9036047039432
TEST_1541,536.0357178737842
TEST_1542,190.52645145779783
TEST_1543,238.02885118854837
TEST_1544,534.841001643251
TEST_1545,540.9601393141106
TEST_1546,534.8419814964377
TEST_1547,290.2298787550108
TEST_1548,523.5994978680609
TEST_1549,208.45516672763716
TEST_1550,237.88791871419957
TEST_1551,516.2050329467436
TEST_1552,205.03118182142904
TEST_1553,550.9272730191042
TEST_1554,265.2689663173647
TEST_1555,204.4088355273101
TEST_1556,570.8315068310677
TEST_1557,539.0940325517705
TEST_1558,197.5052389474324
TEST_1559,243.0069568532713
TEST_1560,542.9768384416849
TEST_1561,295.17868600410793
TEST_1562,529.5359749859903
TEST_1563,195.6795549272497
TEST_1564,520.2294065351025
TEST_1565,506.0853524455524
TEST_1566,526.9202774012151
TEST_1567,281.39400409724755
TEST_1568,466.61413941307313
TEST_1569,520.489066285994
TEST_1570,508.9670341380843
TEST_1571,154.97245732408211
TEST_1572,548.868685699029
TEST_1573,532.889698997925
TEST_1574,569.655911735576
TEST_1575,203.89077611507966
TEST_1576,522.6972467188183
TEST_1577,529.9723127934528
TEST_1578,513.994165286389
TEST_1579,576.925222406349
TEST_1580,236.57677352644973
TEST_1581,557.776519524453
TEST_1582,529.5936182197862
TEST_1583,256.57530909777745
TEST_1584,559.2298437695018
TEST_1585,279.49233589169995
TEST_1586,160.02568705703777
TEST_1587,522.4945765369317
TEST_1588,526.8741287118643
TEST_1589,208.0044618028717
TEST_1590,95.8910681618482
TEST_1591,209.3307017422585
TEST_1592,557.5840826152823
TEST_1593,476.4973832835628
TEST_1594,161.643706739431
TEST_1595,558.3864235491916
TEST_1596,550.3963559118473
TEST_1597,476.75268990071754
TEST_1598,530.64320036533
TEST_1599,514.8494144991411
TEST_1600,575.6977996426832
TEST_1601,120.64508519232157
TEST_1602,479.4976799613909
TEST_1603,533.4670019452459
TEST_1604,202.68780432929094
TEST_1605,552.0228744512924
TEST_1606,245.49849127240697
TEST_1607,538.7813280792758
TEST_1608,164.48135258051798
TEST_1609,277.51093606733946
TEST_1610,548.230483519854
TEST_1611,529.7914692313833
TEST_1612,528.8838045338616
TEST_1613,297.4280643134724
TEST_1614,259.93306414646094
TEST_1615,256.98901413487397
TEST_1616,156.67037318656696
TEST_1617,527.8840815083919
TEST_1618,226.95076148677884
TEST_1619,533.7967576737362
TEST_1620,235.64212107453477
TEST_1621,532.8266187797958
TEST_1622,538.7421858466164
TEST_1623,217.58387856724096
TEST_1624,544.2118815618521
TEST_1625,527.6578357596378
TEST_1626,553.0170882833482
TEST_1627,246.57175445941368
TEST_1628,529.2171433741155
TEST_1629,585.6381178101658
TEST_1630,539.3381748181849
TEST_1631,180.82511118186102
TEST_1632,532.765080598549
TEST_1633,192.08922291640286
TEST_1634,156.3984672046185
TEST_1635,517.2597767215682
TEST_1636,128.41789412026586
TEST_1637,505.1258785462774
TEST_1638,568.5123510433903
TEST_1639,228.1096451260858
TEST_1640,176.03706638810988
TEST_1641,215.03284393694256
TEST_1642,547.235578006852
TEST_1643,258.4048809300618
TEST_1644,268.0872223584894
TEST_1645,218.1966521723629
TEST_1646,545.5067477181453
TEST_1647,491.187167369406
TEST_1648,207.79168757671644
TEST_1649,280.11018701137056
TEST_1650,568.8094188730072
TEST_1651,481.74190379777974
TEST_1652,167.97872376359282
TEST_1653,239.37729748120321
TEST_1654,230.53589777728993
TEST_1655,517.9346762946351
TEST_1656,552.1313925349406
TEST_1657,174.29628391088082
TEST_1658,535.5738116229841
TEST_1659,166.33697372524162
TEST_1660,535.0597163229195
TEST_1661,551.9169143026585
TEST_1662,126.12055942569197
TEST_1663,183.18990058612943
TEST_1664,538.4067066977515
TEST_1665,285.13885321817224
TEST_1666,234.07649101221682
TEST_1667,116.60642083386452
TEST_1668,252.52926636833485
TEST_1669,169.37697731301415
TEST_1670,537.634940158962
TEST_1671,229.59539270521927
TEST_1672,277.10802014760475
TEST_1673,488.58788710694034
TEST_1674,506.4201637717228
TEST_1675,258.4781748835952
TEST_1676,567.1647958842148
TEST_1677,572.5573660403657
TEST_1678,245.28139173923444
TEST_1679,282.1432493392579
TEST_1680,513.7106497820678
TEST_1681,273.05022061607485
TEST_1682,534.9016061746195
TEST_1683,556.5476125080003
TEST_1684,181.67643272856805
TEST_1685,536.2432208540928
TEST_1686,318.2402047460306
TEST_1687,521.106259233271
TEST_1688,135.63961356636565
TEST_1689,343.0358071732858
TEST_1690,560.1597994774489
TEST_1691,158.63811369569282
TEST_1692,540.348328157677
TEST_1693,282.40349333522465
TEST_1694,457.66551491902
TEST_1695,567.3407454711949
TEST_1696,156.8040561779368
TEST_1697,534.6039293311904
TEST_1698,198.31707758722496
TEST_1699,184.47901806520062
TEST_1700,542.354159819844
TEST_1701,200.57181735356625
TEST_1702,531.1093437031263
TEST_1703,158.37312619727638
TEST_1704,545.411245226336
TEST_1705,489.81199628978305
TEST_1706,188.36866700916778
TEST_1707,555.5246679771262
TEST_1708,552.4845178127105
TEST_1709,570.1989458339411
TEST_1710,309.97845251369966
TEST_1711,548.0974077903984
TEST_1712,554.6398071301209
TEST_1713,198.23648028762148
TEST_1714,544.5908183441063
TEST_1715,510.8653440664264
TEST_1716,157.53951639012448
TEST_1717,534.1048616635964
TEST_1718,555.6873837030769
TEST_1719,151.34815108040368
TEST_1720,495.7416404817876
TEST_1721,154.84258381934944
TEST_1722,546.6758426536182
TEST_1723,178.09945273732475
TEST_1724,140.714810491027
TEST_1725,539.8738703471338
TEST_1726,276.74275155836017
TEST_1727,212.20068033402507
TEST_1728,583.9446561398285
TEST_1729,543.8513624523214
TEST_1730,576.3054491238413
TEST_1731,168.24696641255346
TEST_1732,135.63279346612342
TEST_1733,518.8185081369163
TEST_1734,250.4882429871114
TEST_1735,527.0218477547636
TEST_1736,517.8738547906294
TEST_1737,224.38845788616965
TEST_1738,554.7681326144974
TEST_1739,224.96781509122764
TEST_1740,547.671561490154
TEST_1741,525.749474170048
TEST_1742,554.3041404610204
TEST_1743,194.51868875001765
TEST_1744,158.16968818964
TEST_1745,148.58869153087664
TEST_1746,219.30485387175935
TEST_1747,259.07429808245155
TEST_1748,519.0763241641931
TEST_1749,233.97106498892836
TEST_1750,477.76165440706257
TEST_1751,507.83938484744965
TEST_1752,518.6917445510787
TEST_1753,492.5381122104684
TEST_1754,514.8460903029688
TEST_1755,514.8575222849959
TEST_1756,547.4868830248556
TEST_1757,303.6861598584488
TEST_1758,217.08632982251672
TEST_1759,277.2029297282479
TEST_1760,571.6648667518162
TEST_1761,527.6829812190389
TEST_1762,533.5873704898485
TEST_1763,549.7613743211623
TEST_1764,522.0864576776005
TEST_1765,550.2848626706317
TEST_1766,533.051009421389
TEST_1767,174.69638716723938
TEST_1768,208.2748230718302
TEST_1769,289.3939918330013
TEST_1770,544.5652005259909
TEST_1771,555.4088218647795
TEST_1772,564.9950391687045
TEST_1773,552.7476397675397
TEST_1774,571.1060273988187
TEST_1775,300.9008539620992
TEST_1776,260.8524201560335
TEST_1777,523.4529459103348
TEST_1778,514.2588467034989
TEST_1779,534.4403798593429
TEST_1780,315.38589938741393
TEST_1781,191.8332986365474
TEST_1782,249.49213891462554
TEST_1783,565.0375946017239
TEST_1784,594.4509105787444
TEST_1785,288.43015370716654
TEST_1786,178.97651344797444
TEST_1787,214.49308534737042
TEST_1788,280.0733150779255
TEST_1789,210.04111155262177
TEST_1790,567.1475858877926
TEST_1791,258.89286397926935
TEST_1792,559.5340313063145
TEST_1793,542.0666220819239
TEST_1794,143.1036070363655
TEST_1795,549.8191393071372
TEST_1796,167.7096794646118
TEST_1797,266.2178246844069
TEST_1798,337.23026055659886
TEST_1799,529.968630618289
TEST_1800,289.87989710434425
TEST_1801,287.05823248172516
TEST_1802,525.0799683284063
TEST_1803,561.0701985270941
TEST_1804,160.02115595683782
TEST_1805,528.8033586123005
TEST_1806,535.9053602748728
TEST_1807,557.0409216492445
TEST_1808,217.9206448526675
TEST_1809,570.1586970776544
TEST_1810,295.93178445689955
TEST_1811,551.3031642385137
TEST_1812,537.0814564363329
TEST_1813,560.6535620013725
TEST_1814,544.5121122569309
TEST_1815,157.98076300421408
TEST_1816,568.3226574868117
TEST_1817,552.7371774696909
TEST_1818,515.5333021784314
TEST_1819,240.94324960063906
TEST_1820,274.1484101368279
TEST_1821,557.7956155679615
TEST_1822,207.06311943951607
TEST_1823,503.32747390630624
TEST_1824,305.631221324398
TEST_1825,279.0909397138292
TEST_1826,563.9226434343619
TEST_1827,549.0350991028445
TEST_1828,198.26290235915388
TEST_1829,312.27121170722575
TEST_1830,264.5305410380965
TEST_1831,180.14270984578351
TEST_1832,248.1622856763874
TEST_1833,514.6743727543683
TEST_1834,555.8378398988596
TEST_1835,541.3133228719032
TEST_1836,548.8710162054177
TEST_1837,553.6734792442085
TEST_1838,195.378339750275
TEST_1839,230.37705046856675
TEST_1840,259.93967449005754
TEST_1841,567.773452101085
TEST_1842,203.07535987035763
TEST_1843,522.2872703834798
TEST_1844,148.20367225519902
TEST_1845,267.50516849565486
TEST_1846,530.5979430570306
TEST_1847,571.1513185007362
TEST_1848,254.65559722919477
TEST_1849,473.3690908759108
TEST_1850,544.635811312077
TEST_1851,519.7417797040026
TEST_1852,274.83035837101977
TEST_1853,551.7380481942615
TEST_1854,478.5465261013451
TEST_1855,553.3984462991114
TEST_1856,497.5619178782868
TEST_1857,478.1627589608957
TEST_1858,482.31691941757316
TEST_1859,183.13222942587302
TEST_1860,163.10307012052436
TEST_1861,292.99501382304305
TEST_1862,510.1903650784188
TEST_1863,553.2860136786836
TEST_1864,550.7926939207513
TEST_1865,551.9925995157314
TEST_1866,579.5534044520197
TEST_1867,547.226146255733
TEST_1868,180.04113234159533
TEST_1869,517.3206744517174
TEST_1870,536.2933639664324
TEST_1871,211.32545719841775
TEST_1872,174.00512191977762
TEST_1873,464.78173773206555
TEST_1874,522.2490830154312
TEST_1875,489.7424473529359
TEST_1876,546.3024463447509
TEST_1877,293.7545299780058
TEST_1878,179.94897650281854
TEST_1879,470.064071595802
TEST_1880,224.22576080683535
TEST_1881,254.74025251568048
TEST_1882,527.0678595891753
TEST_1883,185.8131013614521
TEST_1884,555.6085762158183
TEST_1885,572.4426507051354
TEST_1886,547.2514438230046
TEST_1887,302.8871530773192
TEST_1888,202.83897674704917
TEST_1889,589.8522782814384
TEST_1890,506.72462137431563
TEST_1891,134.78077913648292
TEST_1892,351.94820362813863
TEST_1893,86.86458421666578
TEST_1894,549.4186998669682
TEST_1895,539.7122205779673
TEST_1896,474.20182026146824
TEST_1897,271.69933603459555
TEST_1898,507.05495864920863
TEST_1899,464.7229021270814
TEST_1900,541.6826931279029
TEST_1901,557.880534682041
TEST_1902,544.6889653055456
TEST_1903,533.1567135017345
TEST_1904,551.7979375525109
TEST_1905,153.25640783923424
TEST_1906,557.0683331431266
TEST_1907,560.0155554249909
TEST_1908,577.9907504455882
TEST_1909,524.3072366653773
TEST_1910,228.07842168724983
TEST_1911,560.5108323840034
TEST_1912,547.3541043694036
TEST_1913,270.2870784265188
TEST_1914,552.456100363434
TEST_1915,544.3064999941057
TEST_1916,211.7178138524763
TEST_1917,189.59730241573084
TEST_1918,454.33809725122836
TEST_1919,181.9969096676927
TEST_1920,513.9671182389579
TEST_1921,96.40554215207979
TEST_1922,477.8446923615312
TEST_1923,145.38491419220446
TEST_1924,566.8748444562377
TEST_1925,533.8278464653895
TEST_1926,553.6137075217127
TEST_1927,545.3967912379529
TEST_1928,273.9538228436376
TEST_1929,536.9012347064414
TEST_1930,154.34134985793514
TEST_1931,157.3158961023649
TEST_1932,540.4279856935478
TEST_1933,565.1109955144983
TEST_1934,220.59690925759307
TEST_1935,580.4113687934386
TEST_1936,539.8070895572068
TEST_1937,543.8311098565695
TEST_1938,515.3009641912171
TEST_1939,140.3546055028683
TEST_1940,306.9834254532943
TEST_1941,547.8522822933156
TEST_1942,560.2249335469
TEST_1943,576.8282190221199
TEST_1944,286.0192715661053
TEST_1945,520.7684847250471
TEST_1946,155.1220121493004
TEST_1947,173.20663517634867
TEST_1948,127.96156512958191
TEST_1949,570.746211512358
TEST_1950,570.977787291392
TEST_1951,531.5556807634781
TEST_1952,160.2048514617971
TEST_1953,265.8165052592725
TEST_1954,478.52714412649675
TEST_1955,505.01118937859155
TEST_1956,268.89183154260945
TEST_1957,505.84020772352284
TEST_1958,558.7807742533349
TEST_1959,154.5488561805315
TEST_1960,169.7698118396262
TEST_1961,556.3980304549985
TEST_1962,488.10366642491516
TEST_1963,562.3960010310192
TEST_1964,289.78755658193154
TEST_1965,120.0381067809875
TEST_1966,569.5505335722717
TEST_1967,558.2023018594314
TEST_1968,509.47926696938464
TEST_1969,120.87677457354192
TEST_1970,144.98348940305067
TEST_1971,171.71174792882556
TEST_1972,551.4869629120645
TEST_1973,179.6282883030385
TEST_1974,529.5627607625433
TEST_1975,534.322861934269
TEST_1976,427.55938385285697
TEST_1977,550.0770951086405
TEST_1978,234.79582375166146
TEST_1979,513.2367080318942
TEST_1980,176.8049995545889
TEST_1981,496.3187486178111
TEST_1982,526.5690544586781
TEST_1983,557.4085181024458
TEST_1984,521.4497729931468
TEST_1985,231.76842630660414
TEST_1986,510.52019066066947
TEST_1987,315.35556348993236
TEST_1988,548.2233229371545
TEST_1989,543.2351009206758
TEST_1990,512.7267007359682
TEST_1991,129.96714048347445
TEST_1992,248.1241735649471
TEST_1993,308.0255591462003
TEST_1994,485.4432357983368
TEST_1995,551.5872370621906
TEST_1996,279.78894916219906
TEST_1997,529.3852348803003
TEST_1998,226.44261480217784
TEST_1999,566.3667108055089
TEST_2000,510.8653440664264
TEST_2001,525.9562468009385
TEST_2002,185.56883369591395
TEST_2003,450.4568254194135
TEST_2004,544.9962987347322
TEST_2005,320.5871954514246
TEST_2006,297.7761884602589
TEST_2007,148.033566247239
TEST_2008,254.4556784617485
TEST_2009,214.78779665473922
TEST_2010,553.6031969754672
TEST_2011,559.3697265297924
TEST_2012,545.6754781673163
TEST_2013,529.2056275912921
TEST_2014,224.7988769597891
TEST_2015,546.9175749560425
TEST_2016,531.7262079993043
TEST_2017,232.8074721700527
TEST_2018,546.7962298379767
TEST_2019,298.02374473562026
TEST_2020,566.5236052644722
TEST_2021,573.1804304877386
TEST_2022,122.43346909680962
TEST_2023,539.844167161941
TEST_2024,577.2047758882827
TEST_2025,309.8597380152908
TEST_2026,568.6142816480871
TEST_2027,190.51792716576415
TEST_2028,136.07613728100688
TEST_2029,558.587695934316
TEST_2030,241.9330880473073
TEST_2031,282.22152125855797
TEST_2032,223.5016241874362
TEST_2033,208.87669000465155
TEST_2034,141.1643348031282
TEST_2035,489.912524907496
TEST_2036,240.5988897538896
TEST_2037,525.198351342865
TEST_2038,187.75605015609787
TEST_2039,535.6297655101357
TEST_2040,456.88799936100696
TEST_2041,123.01112223948888
TEST_2042,279.8618254110034
TEST_2043,278.85553914268945
TEST_2044,550.7359177278081
TEST_2045,513.7594036651321
TEST_2046,210.20189836093823
TEST_2047,523.0922438570451
TEST_2048,305.88388143481
TEST_2049,227.99092815907454
TEST_2050,560.4958796394749
TEST_2051,524.3711335607202
TEST_2052,521.8259832603609
TEST_2053,558.7221352246597
TEST_2054,538.6622920515969
TEST_2055,533.8860125490104
TEST_2056,270.8017688720856
TEST_2057,513.9216540940762
TEST_2058,510.2538272088639
TEST_2059,573.5353363466925
TEST_2060,551.1337051229774
TEST_2061,265.55950236352595
TEST_2062,565.0434517988404
TEST_2063,539.7915862660656
TEST_2064,541.4337975300942
TEST_2065,562.3981162662272
TEST_2066,523.8448811421498
TEST_2067,481.90507034884797
TEST_2068,282.38273344881594
TEST_2069,515.403581411508
TEST_2070,527.1731407896172
TEST_2071,292.2029218216022
TEST_2072,509.8990584392477
TEST_2073,490.3793231946595
TEST_2074,537.0304894033163
TEST_2075,561.2992666297654
TEST_2076,589.5814435733877
TEST_2077,525.1835969369819
TEST_2078,265.7846349748581
TEST_2079,184.70802924925974
TEST_2080,141.66332900065686
TEST_2081,207.05908937766227
TEST_2082,512.7523625019895
TEST_2083,169.6019162018421
TEST_2084,304.2919706766347
TEST_2085,215.53207275219623
TEST_2086,554.1919735499333
TEST_2087,198.9677861252489
TEST_2088,247.61379588438643
TEST_2089,509.7244503675863
TEST_2090,208.45455924018353
TEST_2091,507.8467004108228
TEST_2092,556.0408987623381
TEST_2093,155.03944978440893
TEST_2094,251.3913546321644
TEST_2095,231.33910196976387
TEST_2096,533.0557615493078
TEST_2097,551.0601027922772
TEST_2098,503.59387032598556
TEST_2099,206.1281183280363
TEST_2100,549.1037697797401
TEST_2101,210.25940375058192
TEST_2102,277.99852623336534
TEST_2103,527.782957600795
TEST_2104,546.84260492581
TEST_2105,200.98500520236044
TEST_2106,151.47534476759006
TEST_2107,192.1799739731334
TEST_2108,544.693865198346
TEST_2109,544.6149599047026
TEST_2110,281.0674380536378
TEST_2111,223.71231186373228
TEST_2112,548.2730800540725
TEST_2113,535.8209425364943
TEST_2114,511.56064137945924
TEST_2115,472.937267438949
TEST_2116,525.997802335778
TEST_2117,518.606051080684
TEST_2118,183.3470901994663
TEST_2119,207.0386923107184
TEST_2120,572.7129339080609
TEST_2121,167.53358051297138
TEST_2122,504.55775981861257
TEST_2123,354.6439542865519
TEST_2124,526.1408909191784
TEST_2125,495.99321554231904
TEST_2126,564.1725534483289
TEST_2127,523.3373553206009
TEST_2128,151.34529387616539
TEST_2129,577.1144443489551
TEST_2130,144.46611416518016
TEST_2131,556.2847187105621
TEST_2132,531.4193908154131
TEST_2133,121.02995522010947
TEST_2134,503.05355732651077
TEST_2135,564.1259046195268
TEST_2136,206.2239632078042
TEST_2137,541.7537934950786
TEST_2138,152.44116390047716
TEST_2139,555.3999604974763
TEST_2140,213.54110294457897
TEST_2141,553.9403716921803
TEST_2142,525.9661059012218
TEST_2143,515.849367552759
TEST_2144,530.6654176063116
TEST_2145,561.5685207431475
TEST_2146,313.6494225535495
TEST_2147,533.4332918173283
TEST_2148,266.0731906954519
TEST_2149,142.02201589024787
TEST_2150,549.3461627952452
TEST_2151,201.63366625755225
TEST_2152,547.6039107278349
TEST_2153,188.80225370441585
TEST_2154,242.00810013375133
TEST_2155,543.3915208677807
TEST_2156,530.3408136546993
TEST_2157,558.0716335560317
TEST_2158,261.17094996490204
TEST_2159,586.5910098835101
TEST_2160,532.4636213037307
TEST_2161,522.6574706438852
TEST_2162,282.49060260262405
TEST_2163,559.1115666479293
TEST_2164,396.01756489253984
TEST_2165,539.9765341397656
TEST_2166,193.57824491892464
TEST_2167,151.85617311209495
TEST_2168,203.07728332208572
TEST_2169,525.9861657503802
TEST_2170,269.01489041678536
TEST_2171,507.93563798963606
TEST_2172,565.816760749677
TEST_2173,228.2809675293637
TEST_2174,190.85457259720582
TEST_2175,267.4336066317923
TEST_2176,531.7331489413547
TEST_2177,293.23095573941305
TEST_2178,549.8250404726498
TEST_2179,529.3807786650785
TEST_2180,564.5475062459105
TEST_2181,149.84002419250177
TEST_2182,544.7739070171073
TEST_2183,280.2618422735572
TEST_2184,581.6209204888718
TEST_2185,479.7652873162228
TEST_2186,154.27432062777095
TEST_2187,546.7637829660524
TEST_2188,553.5790094065743
TEST_2189,566.8590814545613
TEST_2190,550.8059937131806
TEST_2191,301.66687512857555
TEST_2192,573.4009384148895
TEST_2193,544.2888511054115
TEST_2194,557.3379819436657
TEST_2195,275.2395128455495
TEST_2196,538.1849976627032
TEST_2197,256.159806465274
TEST_2198,321.0548864622745
TEST_2199,518.8503512895047
TEST_2200,256.1041340064678
TEST_2201,516.4867647277683
TEST_2202,558.7532823102625
TEST_2203,519.8137923023663
TEST_2204,250.2995084169694
TEST_2205,488.58251434488244
TEST_2206,201.90459989088825
TEST_2207,149.1845267252829
